email;username;password;
Anita.Hardcock@gmail.com;Anita.Hardcock;Hd6.Zv4)Zm;
Ben.Dover@gmail.com;Ben.Dover;Ip7+Ky1(Po;
Phil.McCracken@gmail.com;Phil.McCracken;Wt5*Bk4.Ho;
Al.Beback@gmail.com;Al.Beback;Ws8)Mc4-Lv;
Drew.Peacock@gmail.com;Drew.Peacock;Ii4&Dv1.Ik;
Mike.Litoris@gmail.com;Mike.Litoris;Mt0-Ra7#Vz;
Crystal.Clear@gmail.com;Crystal.Clear;"Ng9+Hh6""Qv";
Justin.Time@gmail.com;Justin.Time;Zm2+Jc6'Fp;
Lou.Natic@gmail.com;Lou.Natic;Nh7)Fa7'Ny;
Rick.O'Shea@gmail.com;Rick.O'Shea;Pm7.Uj1,Kz;
Bob.Upndown@gmail.com;Bob.Upndown;"Sv2&Ih4""Wd";
Pat.Myaz@gmail.com;Pat.Myaz;Zz9/St3)Gp;
Buster.Hyman@gmail.com;Buster.Hyman;"Rd3)Iv1""Qw";
Ivana.Tinkle@gmail.com;Ivana.Tinkle;"It8.Lj1""Nr";
Wayne.Kerr@gmail.com;Wayne.Kerr;Gl9&Bv5(Of;
Ella.Vator@gmail.com;Ella.Vator;Xq1/Rd8.Nx;
Harry.Johnson@gmail.com;Harry.Johnson;Eg6,El0)Mx;
Sal.Ami@gmail.com;Sal.Ami;Ul8/Gm2!Xg;
Gabe.Itch@gmail.com;Gabe.Itch;Mo6&Ag1#Fm;
Stan.Dup@gmail.com;Stan.Dup;Wq6/Yc5+Cl;
Dee.Zaster@gmail.com;Dee.Zaster;Nu5!Kx5$Yw;
Paige.Turner@gmail.com;Paige.Turner;Xy7+Ri4(Ot;
Ray.Pugh@gmail.com;Ray.Pugh;Em4&Bx8*Wy;
Will.Power@gmail.com;Will.Power;Xo9.Cx9/Mv;
Justin.Case@gmail.com;Justin.Case;Of1*Hm5-Bv;
Noah.Fence@gmail.com;Noah.Fence;Lp5.Mz8!Wu;
Warren.Peace@gmail.com;Warren.Peace;Pr3&Ix5'Rk;
Polly.Ester@gmail.com;Polly.Ester;Dj6'Ur4+Pi;
Art.Major@gmail.com;Art.Major;Le2-Jz7)Gc;
Brock.Lee@gmail.com;Brock.Lee;Az3&Jl0%Wj;
Barb.Dwyer@gmail.com;Barb.Dwyer;Tz2.Tv8'Km;
Don.Keigh@gmail.com;Don.Keigh;Wd5%Zx3,Oj;
Gail.Forcewind@gmail.com;Gail.Forcewind;Ic2#Eo3!Aj;
Jean.Poole@gmail.com;Jean.Poole;Mh4+Na1/Qc;
Mary.Juana@gmail.com;Mary.Juana;Mw7.Vw1$Ag;
Mike.Rotch@gmail.com;Mike.Rotch;"Pe1""Be3!Wz";
Rick.Shaw@gmail.com;Rick.Shaw;Ki3/Ds7)Uf;
Sandy.Beech@gmail.com;Sandy.Beech;"Wg4+Vv3""Aw";
Shanda.Lear@gmail.com;Shanda.Lear;Oi4&Ur0*Gq;
Tara.Byte@gmail.com;Tara.Byte;Ly5,Sh5/Zi;
Will.Wynn@gmail.com;Will.Wynn;Pe8&Xn8$Gz;
Emma.Sanchez@gmail.com;Emma.Sanchez;Tr5,Vh3)Oi;
Liam.Becker@gmail.com;Liam.Becker;Qs3*Av5'Yp;
Ava.Nakamura@gmail.com;Ava.Nakamura;Sx2!Jn3(Tz;
Noah.Schmidt@gmail.com;Noah.Schmidt;Aw1%Ie5'Dq;
Sophia.Rossi@gmail.com;Sophia.Rossi;Zc0+Up5.Db;
Elijah.Novak@gmail.com;Elijah.Novak;Ne3.Rn1+Kr;
Mia.Chen@gmail.com;Mia.Chen;Wi6,Qp5)Ev;
Lucas.Ibrahim@gmail.com;Lucas.Ibrahim;Px9/Gl0.Or;
Olivia.Petrova@gmail.com;Olivia.Petrova;Ua9(Kk0&Ec;
Mateo.König@gmail.com;Mateo.König;Ap1*Ne7+Mk;
Isabella.Kim@gmail.com;Isabella.Kim;"Zi8.Mj4""Dq";
Leo.Fernandez@gmail.com;Leo.Fernandez;Ii5/Qk2,Pc;
Chloe.Dubois@gmail.com;Chloe.Dubois;Uf0*Ks1/Aw;
Ethan.Müller@gmail.com;Ethan.Müller;Ac2)Kt7$Hj;
Amira.Johnson@gmail.com;Amira.Johnson;Bq4%Jj8%Du;
Benjamin.Zhang@gmail.com;Benjamin.Zhang;Wm9(Fk9&Xa;
Julian.Meier@gmail.com;Julian.Meier;Xs7!Xj7)Ew;
Lina.Castillo@gmail.com;Lina.Castillo;Vo2%Ad5#Do;
Adrian.Costa@gmail.com;Adrian.Costa;Bu7,Vd0/Vg;
Yasmin.Bauer@gmail.com;Yasmin.Bauer;Jz7,Cc6'Uj;
Maxime.Laurent@gmail.com;Maxime.Laurent;Hl6(Nl8(Hd;
Mila.Schmidt@gmail.com;Mila.Schmidt;En4$Rp0&Xw;
Felix.Andersson@gmail.com;Felix.Andersson;St8+Ks7%At;
Liana.Weber@gmail.com;Liana.Weber;Jh2/Km4%Wg;
David.Park@gmail.com;David.Park;Dt1(Ti0'Ew;
Emily.Novak@gmail.com;Emily.Novak;Dz5)Sl0'Vf;
Elias.Bergmann@gmail.com;Elias.Bergmann;Kh4*Wy5#Zh;
Samuel.Richter@gmail.com;Samuel.Richter;Ze4(Ug8-Bd;
Zoe.Carter@gmail.com;Zoe.Carter;Pb9'Id6-Rm;
Anton.Kuznetsov@gmail.com;Anton.Kuznetsov;Pp4#Pu9&Ta;
Layla.Fischer@gmail.com;Layla.Fischer;Js4*Ju1.Pc;
Niklas.Wagner@gmail.com;Niklas.Wagner;Sl3*Eh4)Vd;
Giulia.Conti@gmail.com;Giulia.Conti;Jg4.Xa3&St;
Tomáš.Varga@gmail.com;Tomáš.Varga;Sj1'Lz2!Gj;
Lea.Zimmermann@gmail.com;Lea.Zimmermann;Zv1$Ls4!Zp;
Johan.Olsen@gmail.com;Johan.Olsen;So4&Ir5*Rl; 
Elif.Kaya@gmail.com;Elif.Kaya;Ps2(On5+Ic;
Diego.Ramirez@gmail.com;Diego.Ramirez;Nb6%Vg3+Iq;
Hanna.Braun@gmail.com;Hanna.Braun;To0(Pf4'Vq;
Elias.Lindberg@gmail.com;Elias.Lindberg;Fz6-Gl0+Cu;
Kyra.Tanaka@gmail.com;Kyra.Tanaka;Nh2,Mg4#Qc;
Marco.Benedetti@gmail.com;Marco.Benedetti;Yq0)In4.Yv;
Selina.Koch@gmail.com;Selina.Koch;Lw3+Bf4-Op;
Jakob.Steiner@gmail.com;Jakob.Steiner;Rn7$Iv6$Vh;
Ayla.Hassan@gmail.com;Ayla.Hassan;"Di6""Dy5$Rb";
Noah.Lefevre@gmail.com;Noah.Lefevre;Np5(Og9&Cx;
Naomi.Jansen@gmail.com;Naomi.Jansen;Qr4-Ro8'Aa;
Milan.Novakovic@gmail.com;Milan.Novakovic;Ri5,Xy9)Vc;
Lara.Ivanova@gmail.com;Lara.Ivanova;Ct7/Zc8%Xr;
Theo.Papadakis@gmail.com;Theo.Papadakis;"Ck0""Pu0$Km";
Juna.Baumgartner@gmail.com;Juna.Baumgartner;Zz2#Xe2/As;
Mehdi.Al-Rashid@gmail.com;Mehdi.Al-Rashid;Lk5,Td0!Xp;
Greta.Svensson@gmail.com;Greta.Svensson;Pg2/Lh8/Uj;
Omar.El-Khatib@gmail.com;Omar.El-Khatib;Et3$Ei8(Ic;
