comment_nr;comment_text
1;I totally agree!
2;Well said!
3;Interesting take.
4;Thanks for sharing.
5;I feel the same way.
6;Couldn’t agree more.
7;Love this!
8;So true!
9;This made my day.
10;You nailed it.
11;Haha, relatable!
12;Deep stuff.
13;Made me think.
14;Appreciate this post.
15;100% this.
16;Exactly!
17;Beautiful words.
18;You’ve got a point.
19;Respect!
20;Big facts.
21;This is underrated.
22;Yesss!
23;Laughed too hard at this.
24;Why is this so accurate?
25;This hits hard.
26;Can’t stop thinking about this.
27;Totally get you.
28;Thanks, I needed this.
29;Feeling this.
30;Preach!
31;I was just thinking the same.
32;Instant follow!
33;Where’s the lie?
34;This goes straight to the heart.
35;Such a vibe.
36;Mood!
37;Really inspiring.
38;Couldn’t have said it better.
39;So wholesome.
40;Real talk.
41;Powerful.
42;Big mood.
43;Relatable AF.
44;Word.
45;Deep thoughts here.
46;Kinda sad but true.
47;That’s brave.
48;Commenting to boost this.
49;Let’s talk about it.
50;I’ve been there.
51;Respect your honesty.
52;This deserves more attention.
53;Truth bomb!
54;Pure gold.
55;I needed to hear this.
56;Very thoughtful.
57;I’m saving this.
58;Can’t argue with that.
59;This is art.
60;Brilliant!
61;Well phrased.
62;This should go viral.
63;A masterpiece.
64;You got me emotional.
65;Crying in the club.
66;Gave me chills.
67;Literally me.
68;Laughed out loud.
69;That ending though!
70;So simple, yet so powerful.
71;This is everything.
72;Takes courage to post this.
73;Real and raw.
74;How do you do this every time?
75;Pure truth.
76;Brave words.
77;This needs more likes.
78;I’m obsessed with this post.
79;Damn, this is real.
80;Wow, that hit different.
81;Emotional damage.
82;More people need to see this.
83;Just wow.
84;Clever!
85;You just described my whole life.
86;Screenshotting this.
87;Sending this to my friend.
88;Oof, that’s deep.
89;This is genius.
90;Yup, that’s facts.
91;This is oddly comforting.
92;Underrated post!
93;Major respect.
94;Legendary comment section incoming.
95;Even my cat agrees.
96;Don’t know why but I love this.
97;This deserves a TED Talk.
98;Bookmarking this.
99;How is this not viral yet?
100;I’m speechless.
101;That’s a thinker.
102;Shared this immediately.
103;Instant classic.
